Nombre,Edad,Trabajo,Ciudad
Leon Sutton-Ingram,19,Librarian,Julieton
Graham Ross-Smith,19,Firefighter,Fosterside
Dora del Rosado,76,Conductor de taxis,Albacete
Martina Nicol Vega Espinoza,41,Auxiliar laico de las religión,Vitacura
Julie Stokes,30,Warehouse manager,Karishire
Bautista Castillo,67,Guardia de protección,Ushuaia
Patricia Luna,35,Guardagujas,Colbún
Mia Jazmin Juliana Escobar,45,Diseñador gráfico,San Ferando del Valle de Catamarca
Andrey Luis Arias,50,Guía de turismo,Guapotá
Curtis Welch,28,Broadcast engineer,Mcgeefurt
Thiago Castillo Garcia,79,Oficial maquinistas en navegación,Rawson
Mrs Jasmine McCarthy,23,Armed forces operational officer,East Leah
Robin Johnson,44,IT trainer,Port Jerry
Gabriel Jorge Larrañaga Sala,67,Técnico de prótesis médicas y dentales,Cuenca
Javier Sanabria,59,Empleado de archivos,Puebloviejo
Jesse Lee,78,Special educational needs teacher,Lake Jamesmouth
Yessica León Díaz,69,Ensamblador de equipos electrónicos,Rengo
Jennifer Martinez,61,Quantity surveyor,West Amanda
Guadalupe Medina,44,Médico especialista,Rawson
Juan Cruz Sanchez Gimenez,28,Personas que realizan trabajos varios,San Miguel de Tucumán
Jade Moore,60,Runner broadcasting/film/video,Port Kim
Dr Sylvia Power,74,Administrator charities/voluntary organisations,East Damien
Malena Lorenzo Falcó,69,Profesional de nivel medio de servicios estadísticos o matemáticos,Segovia
Jenny Valencia,71,Empleado de agencia de viajes,Chinácota
Bonifacio Amor Vicente,75,Recolector de leña,Alicante
María Ahumada,75,Operador de grúas y aparatos elevadores,Pozo Almonte
Brandon James,46,Engineer communications,Franciscostad
Pilar Peralta Sosa,31,Peón de jardinería y horticultura,Bahía Blanca
Luz Gómez,56,Fabricante de instrumentos musicales,La Montañita
Mr Martyn Ward,22,Journalist newspaper,Martinmouth
Rosa Molina Castillo,76,Empleado de servicios de transporte,Cajicá
Francisco José Galaz Lobos,59,Técnico en ingeniería civil,Portezuelo
Felipe Ricardo Zavala Espinoza,65,Ayudante de cámara,San Fernando
Teresa Casares,38,Personal directivo de la administración pública,San Caridad de la Montaña
Cándida Hurtado Sebastián,46,Profesional de medicina alternativa,Álava
Valentino Gutierrez,80,Sericultor,San Miguel de Tucumán
Ashley Barber,50,Optometrist,Lake Zachary
Camilo Chacón,49,Técnico en ciencias físicas y químicas,Sopó
Marc Roldan,32,Profesor de formación profesional,Ciudad
Natasha Pickering-Parsons,36,Market researcher,Port Phillip
Victoria Charo Escobar,40,Lingüista,Mar del Plata
Víctor Pineda,32,Constructor de casas,San Luis Miguel de la Montaña
Luz Alexandra Cuesta Salazar,53,Maestro de enseñanza primaria,Gutiérrez
Joseph Rogers,47,Designer television/film set,North Darren
Claudia Rojas Luna,22,Delineante,Usiacurí
Roy Warren,34,Development worker international aid,Chapmanmouth
Sr(a). Juan Martin Molina,50,Operador de telar y otras máquinas tejedoras,La Plata
Debra Hernandez,28,Tourism officer,North Courtneytown
Mtro. Francisca Quiñónez,28,Profesional de nivel medio del derecho y servicios legales,San Trinidad los bajos
Teo Anacleto Verdú Mayoral,39,Desarrollador Web y multimedia,Zaragoza
Ildefonso Ledesma Ramirez,23,Técnico en optometría y ópticos,Jaén
César Santillán Bañuelos,35,Trabajador agrícola de subsistencia,Nueva Libia
Sr(a). Lisandro Cabrera,29,Barrendero,Santa Rosa
Ashley Jackson,65,Garment/textile technologist,South William
Carolina Gibert Esteve,78,Pescador cazador tramperos y recolector de subsistencia,Girona
Nelson Fuentes,49,Técnico en asistencia al usuario de tecnología de la información y las comunicaciones,Melipilla
Lic. Amanda Nieves,50,Empleado de servicios de correos,San Nancy de la Montaña
Erika Fernández Núñez,27,Profesional de la protección medioambiental,Pirque
Jessica Sepúlveda Quezada,58,Operador de máquinas de blanqueamiento teñido y limpieza de tejidos,San Juan de la Costa
Irma Delgado,64,Orfebre,Herveo
Facundo Ian Ezequiel Gonzalez Martinez,46,Techador,Viedma
Jaime Porfirio Reyna Benítez,58,Supervisor de la construcción,San Raquel de la Montaña
Georgina Waters,46,Arts development officer,South Sandrastad
Manuel Manuel Martínez,41,Operador de máquinas de embalaje embotellamiento y etiquetado ,Arboledas
Sophie Thornton-Collins,28,Clinical psychologist,Georginafort
Mercedes Hernandes,27,Personas que realizan trabajos varios,San Irma los altos
Esteban Camilo Perales Vila,23,Trabajador de cuidados personales en instituciones,Guadalajara
Robert Reyes,37,Quarry manager,South Regina
Sr(a). Luciano Gomez,62,Trabajador agrícola de subsistencia,Formosa
Lorenzo Gomez,69,Operador de instalaciones de procesamiento de metales,San Ferando del Valle de Catamarca
Dr(a). Ignacio Rodriguez,43,Conductor de vehículos y máquinas de tracción animal,Chilecito
Alexandra Castro,53,Técnico en química industrial,Guaranda
Rodrigo Víctor Ramírez Salinas,21,Técnico de radiodifusión y grabación audio visual,Punta Arenas
Blanca Bravo,23,Encuadernador,Río Negro
Lucía Núñez,73,Contable,Pore
Constanza Mendoza Rodríguez,78,Programador de aplicaciones,Supatá
Paca Águila Macias,43,Biólogo,Álava
Graciano Rey Martinez,76,Personal de pompas fúnebres y embalsamador,Valencia
Sr(a). Geronimo Moreno,24,Ingeniero metalúrgico,Santa Fe
Abigail Chapman-Robinson,73,Publishing copy,Thorntontown
Calixto Aranda Pol,80,Conductor de autobús,Lleida
Teresa Botello,19,Entrenador deportivo,San Yuridia de la Montaña
Amado Vilaplana-Solís,31,Técnico en ciencias biológicas,Las Palmas
Victoria Castejón Linares,80,Trabajador de explotaciones de acuicultura,Toledo
Gonzalo Enrique González Jara,60,Técnico de prótesis médicas y dentales,Quillón
Armando Tejada,80,Director financiero,San Trinidad los bajos
Clara Ana Ramírez Toro,46,Especialista en ciencias políticas,Santiago
Dr(a). Santino Hernandez,18,Técnico agropecuario,Santiago del Estero
Jacqueline Barry-Miles,19,Fish farm manager,North Maureenmouth
Fiona Freeman-Armstrong,53,Chartered accountant,East Donnahaven
Mrs Denise Richardson,43,Optician dispensing,New Michelle
Rosa Medina,19,Diseñador multimedia,Coper
Sarah Walsh,43,Engineer civil (contracting),Jacksonhaven
Paulino Solsona Alba,70,Tramper,Castellón
Iris Sara Bravo,43,Clasificador de desechos,Marinilla
Jordan Fischer,69,Event organiser,Mcdowellland
Estefanía Anita Rojas Piña,34,Operador de máquinas de procesamiento de texto y mecanógrafos,Mostazal
Amparo Sobrino Otero,35,Director de empresas de construcción,Soria
Erica Burns,25,Producer television/film/video,Stevensfurt
Felipe Paz Ruiz,42,Botánico,La Plata
Delfina Valero-Tenorio,55,Operario de la conservación de frutas legumbres y verduras,Cáceres
Carlos Albert Lara Arteaga,24,Abogado,Ñiquén
Rosemary Burgess,69,Sport and exercise psychologist,South Jane
Felipe Morán,76,Empacador manual,Burgos
Lorenzo Isabella Nuñez Bustos,29,Empleado de biblioteca,Mar del Plata
Sr(a). Graciela Salcido,70,Operador de máquinas pulidoras galvanizadoras y recubridoras de metales ,San Adán de la Montaña
Bartolomé del Garzón,49,Peón forestales,Ourense
Margarita Santos,76,Tipógrafo,Ginebra
Pauline Fletcher-Rogers,46,Film/video editor,Elainemouth
Erin Smith,32,Scientist research (physical sciences),Lake Michaelstad
Cristina Poza Céspedes,21,Cartógrafo,Pontevedra
Oliver Clarke,80,Catering manager,Chapmanmouth
José Manuel Capdevila Mariscal,33,Peón de la construcción de edificios,Cuenca
Adrian Thorpe,80,Chief Technology Officer,Geraldineshire
Bethan Poole,62,Trading standards officer,North Clifford
Mónica Carmen Flórez Solano,58,Supervisor de secretaría,Guachucal
Eduardo Gabriel Caraballo,72,Vendedor de quioscos y de puestos de mercado,San Cristobal los altos
Victoria Jenny Sáez Muñoz,40,Operador de máquinas de procesamiento de texto y mecanógrafos,Huechuraba
Astrid Martínez,43,Médico general,Barrancominas
Sebastián José Torres Aguilera,43,Personal de limpieza,San Bernardo
Michael Flores,42,Astronomer,North Karenmouth
Justin Donovan,26,Engineer petroleum,Pattersonmouth
Sr(a). Natividad Frías,54,Guardagujas,Nueva Federación de Rusia
Hortensia Viana Bernal,61,Profesional de nivel medio del derecho y servicios legales,Baleares
Rosario Navarro González,18,Peón de carga,Puerto Octay
Severino Julián Alberto,34,Técnico agropecuario,Salamanca
James Shelton,34,Proofreader,South Christophertown
Catalina Mateo Perez Ferreyra,30,Técnico en optometría y ópticos,Constitución
Johanna Ana Fuentes Valenzuela,67,Dinamitero,Melipeuco
Humberto Bolívar González,34,Cartógrafo,Cáceres
Feliciana Saura Azorin,34,Aparejador,Guipúzcoa
Cristian Luis Gatica Cisternas,45,Trabajador ambulante de servicios,Peñalolén
Montserrat Herranz Espada,80,Clasificador de desechos,Zamora
Rebecca Brennan,43,Photographer,Port Michelle
Victoria Carmen Contreras,66,Técnico de radiodifusión y grabación audio visual,Bello
Eduardo Jaime Torres Meza,58,Director de servicios de educación,Caicedo
Felipe José Rojas Maureira,33,Agente de seguros,Punta Arenas
Emilia Francesco Acosta,54,Especialista en formación del personal,Salta
Tatiana Cardona,29,Director financiero,La Coruña
Constanza Emily García Gallardo,76,Camarero de barra,Pozo Almonte
Alba Claudia Parra,51,Maquinista de locomotoras,San Roque
Celso Casado Andres,22,Peón de carga,Ávila
Esteban Basilio Camino Rosa,57,Agricultor,Ciudad
Aldair Jairo Morales Parada,30,Empleado de contabilidad y cálculo de costos,Acevedo
Lina Dayana Valderrama,41,Arquitecto,San Fernando
Raimundo Jacinto Ochoa Albero,76,Personas que realizan trabajos varios,Teruel
Richard Caldwell,34,Surgeon,Debraton
Dr Henry King,39,Radiographer therapeutic,Martinbury
Lic. Arcelia Paredes,74,Artista plástico,Nueva Haití
Candelaria Caro Salvà,65,Zapatero,Huesca
Gregorio Víctor Garzón Ramos,52,Curador de museos,Plato
María Avendaño,26,Entrevistador de investigaciones de mercados,Río Hurtado
Ciriaco Amor Peiró,61,Oficial maquinistas en navegación,Toledo
Reyna Río Guerrero,54,Astrónomos,Almería
Leonard Leonard,40,Engineer biomedical,Williamsonmouth
Adriana Rodríguez Díaz,47,Agente de compras,Páramo
Marcela Santos,36,Decorador de interior,Ubaque
Jordi Lillo-Herranz,20,Diseñador multimedia,La Rioja
Miguel Cintrón,64,Supervisor de mantenimiento y limpieza en oficinas hoteles y otros establecimientos,San Rodolfo de la Montaña
Martín Suárez,65,Profesional de la protección medioambiental,San Pablo
Fausto Ángel Calatayud,21,Bailarín,Santa Cruz de Tenerife
Alba Tena Abad,21,Buzo,Cuenca
Mr Trevor Miles,28,Buyer industrial,Tonyshire
Andrea Amaya,80,Profesor de formación profesional,Guarne
Jacinto Franco Vázquez,63,Audiólogo,Vieja Dinamarca
Ambar Mateo Fernandez Quiroga,48,Personal directivo de la administración pública,San Salvador de Jujuy
Marcia Agustí,58,Maestro preescolar,Zaragoza
Dr(a). Juan Pablo Aguirre,31,Tronzador,San Luis
Evelia Leire Andreu Villalba,20,Artista plástico,Baleares
Concepción Rafaél Carbajal Solorio,29,Escribiente público,San Ana María de la Montaña
Feliciana Torrents Ordóñez,48,Técnico en galerías de arte museos y bibliotecas,Salamanca
Jimena Corral Gutierrez,75,Profesional de ventas técnicas y médicas,Cáceres
Víctor Rodríguez,70,Juez,Tirúa
Juan Cruz Sebastian Garcia Lopez,71,Tramper,Viedma
Irene Judith Esquibel,69,Vendedor puerta a puerta,San Lilia los altos
Axel González,62,Herramentista,Providencia
Rosario Silvia Montenegro Niño,22,Director de servicios de cuidado de las personas de edad,Cumaral
Rosendo Eutropio Guijarro Barberá,58,Director de recursos humanos,Castellón
Ruth Leonor Bonilla Valencia,50,Encuadernador,Becerril
Lic. Antonio Santiago,62,Cortador de vidrio,Nueva Bosnia y Herzegovina
Reyes Millán Busquets,74,Actor,Navarra
Sherri Allison,26,Town planner,West John
Yvonne Howell-Patel,35,Farm manager,East Derekbury
Dan Leon Olivera,46,Astrólogo,Palencia
Isidora Mariana Fernández López,64,Director financiero,Punta Arenas
Sr(a). Aldo Almanza,32,Cortador de vidrio,Nueva Marruecos
Bernabé del Mateo,76,Barrendero,Cáceres
Jorge Mauricio Serrato Griego,38,Técnico agropecuario,Vieja Malta
Damian Robinson,25,Fitness centre manager,West Adrian
Janice Moore,63,Health physicist,Washingtonberg
Gordon Miah-Thomas,27,Clothing/textile technologist,East Charlotteview
Eleodoro Medina Pacheco,56,Ingeniero medioambiental,Copiapó
Nazario Garcés Santiago,58,Piloto de aviación,Sevilla
Jared Howard,71,Higher education lecturer,South Hollychester
Octavio Jaime Borrego Brito,39,Agente de maniobras,San Arturo de la Montaña
Blas Emilio Guardia Torralba,50,Operador de máquinas de embalaje embotellamiento y etiquetado ,Castellón
Camilo Alma Jazmin Gomez,25,Técnico de telecomunicaciones,Bahía Blanca
Bautista Benjamin Augusto Benitez Diaz,24,Técnico en ingeniería mecánica,Neuquén
Alejandro José Varela Duarte,73,Agente de administración tributaria,Litueche
Lucas del Dominguez,56,Controlador de instalaciones de procesamiento de productos químicos,Huesca
Javiera Correa Jara,74,Peón de obras públicas y mantenimiento,Diego de Almagro
Sofía del Piquer,35,Especialista en formación del personal,Navarra
Pedro Silva,65,Técnico en aparatos de diagnóstico y tratamiento médico,Ercilla
Ruth Navarro Hidalgo,59,Planchador manuales,La Cruz
Sandra Magaly Álvarez Sánchez,56,Peón de pesca y acuicultura,Coveñas
José Mari Marí Peñas,79,Modelo de moda arte y publicidad,Vizcaya
Sara Karla Reyes Márquez,58,Controlador de tráfico aéreo,Melipilla
Joseph Walker,24,Jewellery designer,Rosemaryshire
Lesley Cook,28,Clinical biochemist,North Allanville
Julieta Portillo Gallart,53,Revisor y cobrador de los transportes públicos,Lleida
Lorenzo Ponce Martinez,55,Platero,Santiago del Estero
Gareth Storey,23,Surgeon,Adamsburgh
Magdalena Soto,24,Deportista,Ñuñoa
Julie Allen-Mellor,23,Tour manager,Rachelmouth
Jacqueline Meneses-Saavedra,28,Operario en cemento armado y enfoscador,Panguipulli
Félix Contreras,46,Veterinario,Diego de Almagro
Patricia Hogan,36,Communications engineer,Nielsenmouth
Santos de Amaya,54,Empleado de servicios estadísticos financieros y de seguros,Lleida
Alma Perez Sosa,59,Chef,Formosa
Ms Kathleen Boyle,41,Clinical scientist histocompatibility and immunogenetics,Lake Stewarthaven
Amílcar Villanueva,59,Operador de instalaciones de tratamiento de agua,Alicante
Carlos Víctor Gutiérrez Estrada,69,Auxiliar laico de las religión,Bulnes
Antonio Rivero Fernandez,38,Artesano,San Miguel de Tucumán
Juan José Valdés Riveros,64,Mecánico y reparador de vehículos de motor,Pumanque
Anna White,31,Editorial assistant,New Lee
Exequiel Daniel Fonseca Pérez,48,Ayudante de odontología,Curaco de Vélez
Sol Pilar Sosa Gomez,64,Profesional del trabajo social,Ushuaia
María Belén Cabañas-Maza,73,Empleado del servicio de personal,Navarra
Emma Cabrera Romero,49,Operador de máquinas de coser,San Ferando del Valle de Catamarca
Bruce Sharp-Green,50,Learning mentor,North Ritaland
Sofía Alejandra Vargas Ruiz,59,Carnicero,San José de la Montaña
Rufino Casado-Menéndez,76,Recolector de leña,Girona
Aaron Barton,52,Surveyor mining,East Amberville
Carlos Rafael Vivanco Loyola,32,Tramper,Galvarino
Sophia Orellana Cortés,60,Zapatero,Litueche
Sebastián Serrano Loyola,30,Peletero,Aisén
Todd Owens MD,66,Holiday representative,New Erica
Eric Fowler,30,Lighting technician broadcasting/film/video,Yodermouth
Dr(a). Thiago Joaquin Molina,69,Trabajador comunitario de la salud,Rawson
Liliana Marisela Jiménez,22,Fabricante de instrumentos musicales,Nueva Israel
Tomás Guerrero Ríos,59,Asistente fisioterapeuta,La Reina
Barry Johnson,25,Investment banker operational,Oliverport
Dr(a). Thiago Benjamin Dominguez,23,Mecánico y reparador en electrónica,Paraná
Dr(a). Lola Coronel,70,Farmacéutico,San Miguel de Tucumán
Modesta Godoy Recio,36,Filósofo,Melilla
Juan Antonio Heras Plaza,18,Ayudante de cocina,La Rioja
Sharon Kelley,49,Warehouse manager,Amybury
Juan Ocampo,42,Técnico en ingeniería civil,Santa Fé de Antioquia
Mr Charlie Todd,77,Computer games developer,Port Frederick
Olivia Guadalupe Ponce Benitez,71,Organizador de conferencias y eventos,Chilecito
Leandro Marco García,26,Supervisor de tiendas y almacenes,Páez
Óscar Andrés Muñoz,20,Profesional de nivel medio de servicios estadísticos o matemáticos,Mosquera
Carla Flores,27,Diseñador de bases de datos,Negrete
Joseph Johnson,76,Building control surveyor,New Lisa
Lautaro Benjamin Rodriguez Sanchez,59,Técnico en ingeniería mecánica,Resistencia
Delfina Santino Acosta,32,Técnico en ingeniería mecánica,Río Gallegos
Sam Franklin,25,Operations geologist,Batesville
Cynthia de la Fuente Preciado,35,Operador de instalaciones mineras,San Camila de la Montaña
Sara Canales,80,Operador de máquinas para la fabricación de calzado,Vieja República Federal Democrática de Nepal
Mrs Bethan Barton,44,Programmer systems,North Francesfurt
Shirley Lloyd,45,Building control surveyor,Normanbury
Alma Valentina Lopez,52,Sericultor,Bahía Blanca
Israel Araceli Negrón Peralta,75,Decorador de interior,San Juan Carlos de la Montaña
Ignacio Quintero Posada,55,Mecánico-montador de instalaciones de refrigeración y climatización,Herrán
Javi Falcón-Pomares,59,Maleter,Córdoba
Dr. Guillermina Casanova,79,Conductor de vehículos accionados a pedal o a brazo,San Adela los bajos
Stuart Woodward,76,Higher education lecturer,Davieston
Juliana Blazquez Estévez,57,Mampostero,Valladolid
Mario Carmen Bétancourt Cortez,57,Peón de carga,Nueva Nigeria
Erika Ana Ortiz,47,Empleado de control de abastecimientos e inventario,Puerto Colombia
Victoria Camila Bernal Bermúdez,52,Oficinista general,Ocaña
Eduardo Cea,22,Carnicero,Hualaihué
Ángel Santana Delgadillo,21,Ensamblador de equipos eléctricos,Nueva República Árabe Siria
Lauren King,39,Accountant chartered public finance,Lake Parker
Martha Heath,35,Speech and language therapist,Silvafurt
Rose Martinez,52,Public relations account executive,Ericaburgh
Felicia Bermudez Nieto,33,Conductor de tranvía,Pontevedra
Ing. Magdalena Botello,53,Focumentalista,San Cynthia de la Montaña
Franchesca Salgado Chamorro,55,Director de servicios de cuidado de las personas de edad,Vicuña
María Belén Olivares Burgos,24,Gestor de aduana,San Antonio
Anna Gomila Salgado,74,Director de servicios de educación,Badajoz
Laura Green,27,Sport and exercise psychologist,Samville
Abril Isabel Zambrano Castillo,30,Cocinero de comidas rápidas,San Helena los altos
Alberto Sandoval,64,Administrador de bases de datos,Vieja Filipinas
Linda Thompson,41,Academic librarian,Wilsonfort
Amador Mendoza Ribera,70,Reparador de bicicletas,Pontevedra
Dylan Benjamin Agustín Rodriguez,20,Soplador de vidrio,San Luis
Sandalio del Barón,38,Estadístico,Ciudad
Jennifer Dawson-Harris,27,Web designer,Harrisville
Teodoro Llamas Quiñónez,66,Entrenador deportivo,Vieja Papua Nueva Guinea
Fernanda Zulma Correa Ortiz,29,Guardagujas,Unión Panamericana
Leire Urrutia,39,Orfebre,Castellón
Camila Sol Martinez,65,Antropólogo,Merlo
Eric Patel,45,Chartered accountant,Fullerton
José Yesid Franco Carmona,41,Urbanistas e ingenieros de tránsito,La Belleza
Fredy Navarro Bastidas,29,Zoólogo,Pelaya
José Reguera-Múñiz,48,Diseñador de productos,La Rioja
Kike Abad Bernat,69,Locutor de radio,Alicante
Francisco Javier de Ponce,77,Operador de instalaciones de tratamiento de agua,Toledo
Sean Ellis,54,Administrator,Jeremyland
Rodolfo Caparrós Luna,35,Dentista,Lleida
Tara Conway MD,58,Brewing technologist,Marybury
Crescencia Céspedes Yáñez,26,Parquetero y colocador de suelos,Valladolid
Paula Mateu Rius,60,Analista de sistemas,Las Palmas
Sr(a). Ambar Mendez,70,Profesional de la publicidad y la comercialización,Rosario
Santos Jiménez Vargas,28,Vendedor ambulantes (excluyendo de comida),Portezuelo
Adalberto Iván Pallarès Perea,50,Técnico en ingeniería mecánica,Albacete
Antonia Losada Montesinos,64,Trabajador ambulante de servicios,Huelva
Valentina  Quiroga,18,Mensajero,Corrientes
Matthew Martinez,61,Cytogeneticist,Amandaburgh
Estefanía Palma Chaparro,32,Detective,Huesca
James Hart,76,Customer service manager,Valerieport
Anna Pope-Harris,54,Environmental consultant,Pickerington
Abril Morales Castillo,58,Clasificador de productos,Nueva Sudán del Sur
Sofía Saura,52,Operador de máquinas para elaborar alimentos y productos afines,Salamanca
Lesley King,25,Wellsite geologist,McKenziefort
Claudia Lorena Sandoval Troncoso,26,Pescador cazador tramperos y recolector de subsistencia,Putaendo
Vicki Hardy,22,Corporate investment banker,Jonestown
Beth Hyde,21,Personal assistant,Hollowayland
Jeffery Frye,24,Teacher adult education,Martinhaven
Dominique Carolina Mansilla Rodríguez,62,Guardafrenos,Paine
Espartaco Mitzy Vaca Gracia,66,Peón de minas y canteras,Nueva México
Lázaro Barroso Rius,25,Guardián de prisión,Burgos
Florencia Chacón-Pavez Fernández,80,Deshollinador,Yungay
Jeffrey Morales,22,Scientist marine,Martinmouth
Dr. Agustín Marrero,20,Especialista en políticas y servicios de personal,San Débora de la Montaña
Adriana Bolaños Escobar,66,Ingeniero industrial,Silvia
Laura González,30,Limpiador y asistente doméstico,Collipulli
Antonia Aragonés Guillen,19,Técnico en electrónica,Córdoba
Laura Gonzales,77,Immunologist,Wagnerside
Cristian Bayo Pintor,73,Recepcionista,Granada
Rubiela Edilma Hurtado Suárez,60,Ingeniero mecánico,Almaguer
Joseph Jacobs,43,Psychotherapist dance movement,Johntown
Johan Giovanni López,71,Abogado,Marmato
Nicole Johnson,43,Solicitor,New Michelle
Mr Hugh Power,55,Community education officer,Mitchellburgh
Paulino Bayo Amat,36,Operador de máquinas para fabricar productos de material plástico,Alicante
Enrique Espada Real,77,Director financiero,Ceuta
Luis Molina,21,Conductor de camiones pesados,El Cerrito
María López Jaramillo,20,Gerente general,La Tebaida
Mr Howard Hartley,33,Forensic psychologist,Hannahside
Daniela Tapia,77,Miembro de las fuerzas armadas,Río Bueno
Mrs Jennifer Scott,67,Librarian academic,Lake Susanview
Estela Meraz,36,Telefonista,Vieja Tailandia
Elsa Marroquín Quiroz,22,Costurero,Vieja Trinidad y Tabago
Omaira Laura Gómez,21,Director de empresas de abastecimiento distribución y afines,Moniquirá
Hector Jones,36,Engineer manufacturing,Lake Kevinburgh
Guillermo Tomas Vega Cárcamo,55,Jefe de pequeñas poblaciones,Olmué
Rachael Carlson,72,Programmer systems,Youngland
Eduardo Stewart,80,Therapist art,East Timothyborough
Guillermina Ojeda Franco,68,Grabador de piedra,La Plata
Catalina Malena Ojeda,59,Trabajador agrícola de subsistencia,Santiago del Estero
Celeste Mancilla González,38,Especialista en formación del personal,Ercilla
Mary Medina García,74,Preparador y elaborador de tabaco y sus productos,San Pedro de los Milagros
Magdalena Casares Barbero,61,Peón de la construcción de edificios,Ourense
Samuel Emma Gomez Martinez,58,Director de políticas y planificación,Santiago del Estero
Trevor Franklin,67,Environmental manager,Port Sean
Gabriel Ponce Zepeda,78,Supervisor de la construcción,Nueva España
Primitivo Sainz Miguel,40,Director de servicios de educación,Ourense
Juan José Torres Salgado,19,Tenedor de libros,Pucón
Catherine Gordon,58,Intelligence analyst,Olsonstad
Sebastian Miguel Estrada Gallego,35,Vendedor ambulantes de productos comestibles,Badajoz
Lola Verdejo Palmer,21,Químico,Valladolid
Jose Luis Baños Mínguez,29,Gerente de hoteles o restaurantes,Palencia
Alberto Luis López Córdoba,63,Auxiliar de servicio de abordo,Sampués
Virgilio Mulet Cueto,57,Cajero de banco,Murcia
Angela Whitehouse,21,TEFL teacher,North Holly
Ariel Isern,66,Filósofo,Ávila
Dennis Thomas,23,Mining engineer,Rhysmouth
Ms Charlotte Turner,66,Radiation protection practitioner,Port Bethanyhaven
Feliciana Quintero Miranda,43,Técnico en redes y sistemas de computadores,Jaén
Rachel Fraser,52,Curator,Lake Josephshire
Santino Mia Morena Coronel,46,Piloto de aviación,Ushuaia
Magdalena Romero,18,Fisioterapeuta,Pemuco
Angélica Johanna Mosquera,28,Especialista en políticas de administración,Saravena
James Kelly-Newman,72,Hospital pharmacist,Port Christine
Agostina Franco Ojeda Ortiz,60,Filósofo,San Juan
Gonzalo Jeremías Riquelme Zambrano,68,Trabajador social de nivel medio,Coihaique
Ing. Trinidad Montenegro,59,Técnico de prótesis médicas y dentales,San Rodolfo los altos
Steven Rivers,63,Industrial buyer,Audreyside
Vanesa Nydia Calatayud Guardiola,59,Trabajador ambulante de servicios,Sevilla
Dr Jonathan Page,68,Engineer agricultural,Jameschester
Pelayo Luís Sola Mármol,71,Actor,Soria
Alfredo Aravena,46,Reparador de bicicletas,Talca
Rosa Ramírez,33,Operador de telar y otras máquinas tejedoras,Manaure
Jacinta Gonzalez Méndez,71,Practicante paramédico,Cuenca
Dr(a). Benjamin Duarte,48,Pescador cazador tramperos y recolector de subsistencia,Neuquén
Julio Arcelia Apodaca,76,Pescadero,Nueva Cabo Verde
Guadalupe Juana Morales,51,Secretario ejecutivo,Rawson
Jovita Carreño Acevedo,79,Secretario ejecutivo,Almería
Mtro. Minerva Escobedo,57,Sombrerero,San Sandra los bajos
Ms Karen Connor,20,Insurance risk surveyor,Spencerfurt
Leon Wright-Savage,47,Physiotherapist,Christianport
Lorena Cuevas,80,Conductor de camiones pesados,San Pablo
Adolfo Espinosa Valle,68,Operador de autoelevadoras,Girona
Francisco Garrett,71,Journalist broadcasting,Davismouth
Jennifer Mata,73,Petroleum engineer,East Taraville
Amanda Vega,55,Director de investigación y desarrollo,Puerto Concordia
Juan David Zoe Valentina Romero,67,Oficial de cubierta,Rawson
Antonio Cáceres,34,Ingeniero de minas,Tortel
Oriana Pallarès Catalán,18,Fabricante de instrumentos musicales,Málaga
Eugenia Manrique Tejero,23,Bombero,Lleida
Estela Isabela Parra Cano,45,Profesional de ventas de tecnología de la información y las comunicaciones,Nueva Armenia
Margaret King,63,Customer service manager,New Karen
Cecilia Hernández Castillo,76,Auxiliar de maestro,Páez
Luz Paola Marín Vega,57,Analista de gestión y organización,Coromoro
Hannah Scott,56,Journalist magazine,Lake Mariaborough
Ciriaco Bauzà Chaparro,19,Trabajador agrícola de subsistencia,Málaga
Agustina Jeremias Vazquez,68,Veterinario,Santa Rosa
Lic. Víctor Ruiz,18,Mampostero,Vieja Seychelles
Fabiola Ampuero,35,Actor,Ñiquén
Cynthia Kaufman,74,Animator,Wrightmouth
Obdulia Nicolau Mariño,55,Profesional religioso,Sevilla
Maite Bermejo Rodriguez,25,Secretario médicos,Castellón
Marcia Pera Carranza,62,Jefe de pequeñas poblaciones,Ceuta
Íngrid Catalina Saldaña Torres,57,Empleado de servicios estadísticos financieros y de seguros,Vizcaya
Cruz Cerdá Serra,69,Operador de máquinas de coser,Lugo
Juan Cruz Bustos Martinez,20,Oficial de cubierta,Bahía Blanca
Gilberto Bustamante,26,Técnico en operaciones de tecnología de la información y las comunicaciones,Limache
Milena Farias,49,Operador de máquinas para elaborar alimentos y productos afines,Bahía Blanca
Sabina Castilla Pi,19,Mecánico y reparador de máquinas agrícolas e industriales,Cuenca
Andrés David Giraldo,52,Maestro de enseñanza primaria,Los Córdobas
Virginia Bernal Perera,34,Agente de empleo,Málaga
Joshua Arnold,66,Psychotherapist dance movement,Keithport
Gregory Cline,20,Civil engineer contracting,Latoyaburgh
Camila Morales,23,Empleado de servicios de apoyo a la producción,La Plata
Cebrián Cerezo Miralles,61,Operador de máquinas pulidoras galvanizadoras y recubridoras de metales ,Álava
Gordon Henderson,58,Landscape architect,Shauntown
Etelvina Mata Roura,36,Coreógrafo,Pontevedra
Eliseo Vigil Albero,53,Labrante,La Coruña
Melisa del Sedano,32,Instructor de educación física y actividades recreativas,La Rioja
Daniel Domingo Galleguillos Silva,42,Herramentista,Nueva Imperial
Mathias Lucas Galleguillos Ramos,53,Agrimensor,Concepción
Dr Aaron Smith,18,Architect,Daniellehaven
Martha Martha Ariza,19,Operador de máquinas para fabricar cemento y otros productos minerales,Angelópolis
Ariel Gerardo Cárcamo Vallejos,48,Operador de máquinas para elaborar alimentos y productos afines,Curarrehue
Cristóbal Feliu Somoza,49,Camarero de mesa,La Coruña
Florinda Victoria Navarro Flores,33,Chapista,Cisnes
Elvia Prieto,42,Pescador de agua dulce y en aguas costeras,San Pascual los altos
Severiano Fonseca Herrera,39,Ingeniero medioambiental,Cádiz
Omar Rosalia Montalvo,23,Operador de instalaciones para la preparación de pasta para papel y papel,San Norma de la Montaña
Rebecca Koch,34,Conservation officer nature,Lake Donna
Sebastian Garcia,58,Montador de estructuras metálicas,Toledo
Peggy Kelly,73,Technical author,South Donnaview
Benjamin Vazquez,55,Peón forestales,Posadas
Juan Cruz Nuñez Dominguez,71,Técnico en redes y sistemas de computadores,Mendoza
Salma Juan Carlos Sanches Carbajal,62,Especialista en políticas de administración,Vieja Sudáfrica
Adalberto del Torrijos,69,Ggeofísico,Alicante
Ana Barreto Orozco,35,Veterinario,Villahermosa
Tracy Howell,42,Rural practice surveyor,Tinafurt
Manuel Javier Valderrama,62,Suboficial de las fuerzas armadas,Purísima de la Concepción
Sr(a). Catalina Rojas,76,Juez,Río Gallegos
Lic. Porfirio Medina,74,Revisor y cobrador de los transportes públicos,Nueva Santa Lucía
Abigaíl Taboada Lasa,20,Peón de jardinería y horticultura,Melilla
Sergio Cuervo Velázquez,79,Carnicero,Granada
David Javier Ospina Hernández,56,Deshollinador,Mutiscua
Victoria Bustos,60,Administrador de sistemas,Salta
Henry Melo Bernal,42,Agrimensor,Leticia
Rosalía Quintanilla,64,Pescadero,Teruel
Prudencio Folch,76,Conductor de vehículos accionados a pedal o a brazo,Santa Cruz de Tenerife
Rubén José Díaz Vargas,41,Conserje,Paiguano
Pili Maestre Jove,21,Supervisor de la construcción,Navarra
Paula María Muñoz González,77,Matemático,Lloró
Mauricio Garzón Flórez,54,Personal de pompas fúnebres y embalsamador,Salazar
Eustaquio Gomila Campos,52,Operador de máquinas para fabricar cemento y otros productos minerales,Cádiz
Valentina Silva Cerda,60,Técnico agropecuario,Curacautín
Mitchell Bird-Ball,65,Research scientist (physical sciences),West Joyce
Evangelina Iniesta Amat,41,Biólogo,Cantabria
Blanca Cano,34,Botánico,Nueva Myanmar
Nancy Carter,51,Teacher adult education,Timothyfort
José Arenas Cárdenas,73,Tramper,San Nicolás
Ms June Holmes,42,Health visitor,Wilkinsonville
Carolina Núñez González,69,Instructor en tecnologías de la información,Los Muermos
Consuelo Cazorla Guerrero,76,Soplador de vidrio,Alicante
Yuridia Ruby Garrido Manzanares,52,Mecánico-montador de instalaciones de refrigeración y climatización,Vieja Maldivas
Eric Brown,25,Medical technical officer,Hurleyberg
Martin Milagros Rivero,27,Cuidador de animales,Chilecito
Consuelo Bastida Uriarte,44,Instalador y reparador en tecnología de la información y las comunicaciones,La Coruña
Noemí Saldaña Meléndez,52,Gerente de sucursales de bancos de servicios financieros y de seguros,La Rioja
Fanny Ugarte Jordá,41,Nutricionista,Castellón
Maricela Barroso,59,Profesional de la protección medioambiental,Lugo
Brenda Bradley,74,Video editor,Chelseachester
Eufemia Uribe,28,Operador de instalaciones para la preparación de pasta para papel y papel,Castellón
Beth Smith,62,Presenter broadcasting,Port Diane
Devon Rivera,40,Cartographer,South Aliceshire
Vania Zúñiga Osorio,62,Cartógrafo,Primavera
Margarita Suárez González,61,Empleado de servicios de apoyo a la producción,Carmen de Carupa
Macario Pelayo Farré,51,Curador de museos,Soria
Jordana Jover,70,Empleado del servicio de personal,Cuenca
Marie Ferrada Núñez,42,Botánico,Curanilahue
Sr(a). Agustina Roldan,75,Agente de aduanas,Comodoro Rivadavia
Cindy Evans,24,Programmer systems,Port Sarah
Aroa Almagro Jiménez,65,Asistente fisioterapeuta,Albacete
Juan Miranda Ferrer,37,Reponedor de estanterías,San Jerónimo de la Montaña
Frank Barnett,73,Education officer environmental,West Katherine
Bárbara Nelly Chávez Tapia,53,Especialista en políticas y servicios de personal,Portezuelo
Damien Ward,59,Broadcast engineer,Marilyntown
Hortensia Sonia Donoso Urbina,29,Especialista en políticas y servicios de personal,Cauquenes
Joaquín Mendizábal Cisneros,41,Albañil,León
Thiago Benjamin Sofia Ortiz Gonzalez,75,Economista,San Ferando del Valle de Catamarca
Thiago Benjamin Ian Fernandez Rodriguez,37,Artista plástico,Río Gallegos
Araceli Acuña Ceja,61,Recolector de leña,Vieja Liechtenstein
Amando Nilo Blanca Enríquez,47,Empleado de contabilidad y cálculo de costos,Málaga
Ms Yvonne Smith,42,Programmer multimedia,West Joe
Enrique Triana,27,Mecánico-montador de instalaciones de refrigeración y climatización,Cunday
Dr Charles Barnes,72,Architect,Andreaton
Vinicio de Expósito,55,Operador de máquinas de procesamiento de texto y mecanógrafos,Huesca
Trevor Faulkner,46,Dispensing optician,East Antony
Francisca Valenzuela Vásquez,53,Profesional de nivel medio de partería,El Bosque
Luna Santino Benjamin Gomez Flores,26,Bailarín,Viedma
Rosemary Moore,51,Teacher early years/pre,Port Cameron
Maite Dueñas,77,Ingeniero químico,Asturias
Felipe Valentina Romero Fernandez,29,Técnico agropecuario,Córdoba
Sr(a). Juan Carlos Uribe,24,Adivinador,Nueva Barbados
Azucena Carrión Ferrero,70,Abogado,Madrid
Lic. Carla Lucio,41,Técnico en galerías de arte museos y bibliotecas,Nueva Somalia
Mauro Negrete Padilla,55,Operador de máquinas de vapor y calderas,Vieja Nauru
Roldán Ángel Sotelo,62,Ingeniero civil,Guipúzcoa
Juan Ignacio Roldan,27,Costurero,Santa Fe
Juan Ramírez,40,Operador de autoelevadoras,Quipile
Jose Manuel Benavides Vélez,54,Peón de jardinería y horticultura,Alicante
Cloe del Zapata,55,Personas que realizan trabajos varios,Lugo
Che Patricio Ayllón Franch,60,Programador de aplicaciones,La Rioja
Nicholas Manning,49,Surveyor quantity,Harrishaven
Carmen Hidalgo,39,Peón de explotaciones agrícolas,San Patricia los altos
Horacio Berta Fierro,66,Profesional de nivel medio de medicina alternativa,Nueva Luxemburgo
Brenda Collins,49,Psychologist counselling,West Patriciaberg
Joe Mills,43,Administrator charities/voluntary organisations,Nixontown
Regina Franklin,40,Personal assistant,West Kyle
Wendy Gonzales,32,General practice doctor,East Rebeccaview
Gustavo Vigil Bétancourt,26,Limpiador y asistente de oficinas hoteles y otros establecimientos,Nueva Suriname
Kayleigh Owen,78,Geologist engineering,Daviestown
Carlos Osorio,77,Ingeniero metalúrgico,Longaví
Mauricio Amador Coello,72,Operador de máquinas para fabricar productos de papel,Sevilla
Ing. Elisa Carvajal,63,Recepcionista,Nueva Guinea Bissau
Ricky Burns-Anderson,45,Counselling psychologist,Jenkinsfurt
Ronald Ali,23,Recycling officer,Youngmouth
Timothy Mccoy,28,Professor Emeritus,West Laurenmouth
Vicente Luis Villegas Rivas,55,Delineante,Linares
Zoe Sheppard-Johnson,45,English as a second language teacher,Lake Malcolm
Gabriela Gaona Miramontes,79,Bordador,Nueva Timor-Leste
Azahar Rebollo Gomila,34,Parquetero y colocador de suelos,Toledo
Brian Alvarez,35,Chartered certified accountant,Lake Willie
Mr Brandon Adams,63,Surveyor minerals,Harveyville
María Belén Montes Tovar,30,Planchador manuales,Baleares
Blanca Álvarez Vanegas,27,Técnico forestal,Covarachía
Juan Ignacio Acuña Acuña,56,Joyero,Resistencia
Valentin Thiago Benjamin Moreno,18,Desarrollador de software,Neuquén
Sofía Figuerola-Castillo,23,Vendedor puerta a puerta,Girona
Gillian Holmes-Davies,54,English as a second language teacher,Benchester
Reina Zepeda,36,Operador de plantas y máquinas de productos químicos,Nueva Mongolia
Gary Howe,65,Clinical embryologist,Goodmouth
Marta Vivanco,56,Operador de instalaciones de procesamiento de metales,Saavedra
Arturo Víctor Arias Cruz,73,Profesional de relaciones públicas,Curití
Mónica Luisa García Flórez,38,Profesor de universidades y de la enseñanza superior,Morichal
Francisca Edith Pérez Rivas,25,Decorador de interior,Santa María
Glauco Capdevila Recio,21,Conserje,Guipúzcoa
Matías Luis Soto Álvarez,58,Modelo de moda arte y publicidad,Maullín
Hermelinda Marcos Sisneros Palomo,21,Profesional de ventas de tecnología de la información y las comunicaciones,Vieja Francia
Alvaro Abel Cadena,54,Cajero,San Irene de la Montaña
Paula Duncan-Holmes,39,Designer industrial/product,Webbton
Juliana Santiago Paez Vargas,61,Profesional de la protección medioambiental,San Juan
Leandro Perez Abellán,26,Vendedor ambulantes de productos comestibles,Navarra
Olivia Lourdes Sosa,63,Actuario,Viedma
Rufina Macias Blasco,71,Secretario (general),Melilla
Jennifer Lamb,50,Bookseller,North Brittany
Dr(a). Benicio Martinez,66,Operador de grúas y aparatos elevadores,Bahía Blanca
Sr(a). Simon Romero,46,Director de teatro,Salta
Lina Malo Torrent,19,Maquinista de locomotoras,Cantabria
Dr Leon Howell,52,Interior and spatial designer,New Normanside
Liliana Itzel Lucio,25,Consignatario,San Eloisa de la Montaña
Mohamed Borja Martínez Raya,48,Conductor de autobús,Pontevedra
Ms Eleanor Lewis,31,Geoscientist,West Donna
Remedios Vergara Melero,56,Químico,Salamanca
Aaron Thomas,20,Arboriculturist,West Kathleen
Olivia Moore,56,Chartered management accountant,Cookville
Emilio Ruby Nevárez,33,Peón de explotaciones de cultivos mixtos y ganaderos,San Itzel de la Montaña
Nelson Andrés Silva Suárez,37,Asistente fisioterapeuta,Pensilvania
Catalina Camila Gonzalez,27,Químico,San Juan
Amanda Anderson,22,Dramatherapist,Melissafort
Sofia Rodriguez Rodriguez,69,Ingeniero medioambiental,San Salvador de Jujuy
Janice Newton,60,Radiation protection practitioner,Lorraineburgh
Simon Santino Alvarez,63,Telefonista,Córdoba
Fernando Marcelo Sánchez Céspedes,64,Agente de empleo,San Esteban
Shawn Barker,79,Horticultural consultant,Port Matthew
Renata Navas Amaya,41,Telefonista,Ceuta
Albert Crawford,27,Health and safety inspector,Port Vincentmouth
Rosie Carey,63,Rural practice surveyor,Lake Martin
Leidy Villamizar Vargas,58,Auxiliar de maestro,Maripí
Olalla Guillen-Donoso,56,Guía de turismo,Huesca
Kyle Taylor,75,Advertising copywriter,Allenmouth
Esperanza Luz Villa,53,Pulidor de vidrio,Fúquene
Mr Mohamed Daniels,28,Psychologist educational,New Ellie
Mitchell Nielsen,40,Counselling psychologist,Monicatown
Luis Miguel Daza Piña,54,Peón de minas y canteras,Asturias
Gil Ramis,80,Operario de la conservación de frutas legumbres y verduras,Córdoba
Dylan Cunningham,19,Theme park manager,Mohammadshire
Conrado Jorge Grande Camps,50,Declarante de aduana,Vizcaya
Edwin Bedoya,31,Gerente de comercios al por mayor y al por menor,Piamonte
Jose Carlos Solís Sosa,43,Colchonero,Huelva
Abraham Cuesta Valcárcel,76,Profesional en redes de computadores,Cantabria
Mrs Julia Marshall,20,Passenger transport manager,Karenmouth
Renato Bermudez Roig,31,Profesional de nivel medio del derecho y servicios legales,Valladolid
Alejandro Benito Urra Soto,45,Lavador de ventanas,Pudahuel
Marco Antonio Sofía Montañez,22,Personal de limpieza,Vieja Noruega
Iván Tudela Marco,48,Alfarero,Málaga
Manolo Ferrando Sánchez,54,Artesano,Burgos
Dr(a). Lola Morales,56,Técnico en documentación sanitaria,Rawson
Iván Gracia,41,Auxiliar de maestro,Nueva Jordania
Mr Owen Evans,21,Psychologist occupational,North Andreaport
Alvaro Garcia,70,Técnico de la Web,Paraná
Andrés Díaz,52,Actor,Magüí
Colleen Warner,79,Mechanical engineer,North Thomaston
Marleny Ceballos Martínez,31,Gerente de comercios al por mayor y al por menor,Moñitos
Mr. Brian Clark,70,Education officer community,Morrismouth
Fernando Zepeda Alemán,18,Instructor en tecnologías de la información,San Bruno los bajos
Dr(a). Thiago Joaquin Luna,77,Administrador de bases de datos,San Luis
Jhonatan Rubén Salazar Castro,74,Impresor,Inírida
Víctor de la O,74,Fontanero,Vieja Kiribati
Ms Elaine Walton,75,Dentist,Paulborough
Victor Singh,22,Radio producer,North James
Fabricio Amador Lloret,33,Grabador de datos,Valencia
Jacqueline Morgan,70,Therapist art,Suttonhaven
Dimas Esteban Niño,78,Agente de compras,Albacete
Vinicio Llorente Novoa,56,Perforador y sondista de pozos,Soria
Sr(a). Indira Rodríguez,39,Deportista,Nueva Timor-Leste
Leonor Ángela Ibarra,29,Asistente de venta,Vieja Costa Rica
Carmen Cámara Costa,47,Inspector medioambiental y afines,Alicante
Hollie Bentley,23,Health service manager,West Tracyfurt
Dr(a). Sofia Molina,57,Vendedor de quioscos y de puestos de mercado,Chilecito
Fidela Carrión,60,Matemático,Álava
Giancarlo Roberto Baeza Montecino,30,Encuadernador,Lo Prado
Josefina Pulido-Zaragoza,66,Director de ventas y comercialización,Albacete
Sr(a). Isabel Maidana,30,Arquitecto,Merlo
Jennifer George,39,Magazine journalist,North Vanessaton
Ignacio Mia Valentina Acosta,60,Mecánico y reparador en electrónica,Paraná
Jenny Lorenza Giner Quesada,28,Agrónomo,Ourense
Joseph Barker,28,Catering manager,Lake Matthew
Thiago Nahuel Francesca Chavez Flores,68,Director de servicios de bienestar social,Viedma
Kimberly Bell,24,Dance movement psychotherapist,Lake Janetbury
Yolanda Pilar de la Crúz,19,Asesor financiero y en inversiones,Nueva República Democrática Popular Lao
Omar Fabregat-Calvet,80,Maestro preescolar,Soria
Luis José Mejía,59,Oficial maquinistas en navegación,Francisco Pizarro
Benjamín Adán Granado,59,Profesional de la protección medioambiental,Nueva Mauricio
Delfina Bilbao Castrillo,80,Veterinario,Jaén
Margaret Evans,45,Data scientist,Taraberg
Robert Galvis,73,Abogado,Tuchín
Benjamín Morales,61,Director de cine,Castro
Thiago Garcia,71,Agente de compras,La Plata
Eugenia Anel Paredes,80,Operador de máquinas de movimiento de tierras,Vieja Túnez
Marisa Parker,74,Research officer trade union,New Richard
Morena Suarez Luna,47,Instructor de educación física y actividades recreativas,Posadas
Todd Perry,73,Civil engineer contracting,Benjaminview
Mr Dale Davis,33,Drilling engineer,South Mohamedport
Patricia Newton,45,Arts administrator,South Lukemouth
Melanie Wilkerson,62,Pilot airline,Russoport
Emma Martina Moyano,63,Operador de máquinas de coser,Comodoro Rivadavia
Sandra King,71,Health promotion specialist,East Michelleshire
Melissa Ryan,33,Best boy,Evansview
Vanesa Carina Giménez Ochoa,34,Conductor de motocicletas,Badajoz
Pascual Rosario Bilbao Losa,35,Director de explotaciones de minería,Baleares
Liliana María Vélez,77,Peletero,Agrado
Stephen Cox,76,Corporate investment banker,East Annetteville
Sosimo Cervantes-Barrera,22,Mecánico y reparador en electrónica,Granada
Lucas Rodriguez Lucero,24,Técnico en documentación sanitaria,Merlo
Edwin Nelson Álvarez Martínez,18,Peón de obras públicas y mantenimiento,Sutatenza
Mr Donald Smith,80,Information systems manager,Lloydburgh
Melania Diaz Boix,63,Operador de instalaciones mineras,Álava
Emelina Sainz Herrero,42,Analista de gestión y organización,Guadalajara
Moisés Agullo Jiménez,68,Apicultor,Asturias
Lina Alicia Daza Cantillo,37,Conductor de autobús,Girardota
Dario Palacios,54,Controlador de plagas y malas hierbas,Santa Rosa de Viterbo
Irene Ahmed-Mellor,36,International aid/development worker,New Lynne
Gloria Menendez,26,Chapista,Valladolid
Olalla Noriega Viña,69,Abogado,Badajoz
Morgan Quinn,37,Town planner,Villegasfort
Magdalena Marcela Bonilla Mosquera,62,Peletero,Cicuco
Aarón Mena Pereira,60,Profesional de relaciones públicas,Lleida
Benjamín Gámez Verdú,30,Secretario administrativo,Álava
Abdul Ryan,46,Investment banker operational,Martynhaven
Carmen Suárez,73,Vendedor de comidas al mostrador,Paya
Andrés Palacio,33,Gorjadore,Istmina
Adam Barrett,80,Engineer maintenance (IT),North Charlottechester
Alejandra Rojas Silva,77,Operador de máquinas para la fabricación de calzado,San Miguel
Dr(a). Tiziano Benjamin Castro,22,Cantante,Merlo
Isidro Jose Luis Cepeda Gomez,41,Inspector medioambiental y afines,Melilla
Brandon Taylor,36,Engineer civil (contracting),Smithport
Allan Mahmood,30,Therapist speech and language,West Lesley
Modesta Martínez Larrea,41,Técnico en documentación sanitaria,Valladolid
Lucas Oller Aguado,57,Profesor de música,Granada
Ainoa Rosales-Larrea,51,Tipógrafo,Ávila
Víctor Osorio,33,Gerente de comercios al por mayor y al por menor,Puerto Leguízamo
Manuel Moreno Acuña,20,Chef,San Rosendo
Sr(a). Soledad Solorzano,66,Asesor financiero y en inversiones,Vieja España
Mr Ryan Read,59,Administrator Civil Service,Port Duncanmouth
Isaac Hilda Guevara Salinas,67,Inspector de policía,Nueva República Democrática del Congo
Brandon Cook,26,Physiotherapist,Reevesstad
Carlos Pedro Pizarro Osorio,57,Especialista en políticas de administración,Antofagasta
Carol Warren-Burgess,23,Exercise physiologist,Lawrencemouth
Reynaldo Luis Ángel Abad Caparrós,51,Empleado de servicios de transporte,Huelva
Carolyn Higgins,75,Surveyor building control,South Karen
Simón Pavez Bruna,26,Especialista en políticas de administración,Río Bueno
Pilar Gonzalo Bustos,76,Operador de instalaciones de producción de energía,Chilecito
Norman Reid,58,Location manager,Oliverfurt
Luis Soto Gil,59,Guardafrenos,Barbosa
Lic. Miriam Ferrer,63,Alfarero,Vieja Luxemburgo
Santino Gabriel Lourdes Carrizo,41,Profesional de medicina,Santa Rosa
Teodosio del Bello,69,Supervisor en ingeniería de minas,Guipúzcoa
Eric Mayer,39,Designer multimedia,Careyberg
Aitor López Montes,72,Actuario,Las Palmas
Maximiano Sotelo Medina,19,Auxiliar de servicio de abordo,Almería
Oswaldo Abelardo del Río Ledesma,75,Director de servicios de cuidado de las personas de edad,San María José los bajos
Ashleigh Smith,39,Tax adviser,Baileyfort
Oscar Hugo Tapia-Riveros Orrego,79,Profesional de la salud y la higiene laboral y ambiental,Puchuncaví
Jhonny Alberto Díaz Ortiz,25,Nutricionista,Río Iró
Gabriel Martinez,43,Diseñador gráfico,Chilecito
Cristian Martí Palomar,72,Dentista,La Coruña
Cristina del Barral,39,Profesional de nivel medio de medicina tradicional y alternativa,Huelva
Ángela Rojas,62,Delineante,Portezuelo
Benicio Rios,36,Trabajador de cuidados personales en instituciones,Bahía Blanca
Benjamin Facundo Lopez,57,Ingeniero industrial,Salta
Leah Williams,64,Plant breeder/geneticist,Lake Michael
Charlie Adams,47,Intelligence analyst,Lake Louisland
José Alberto Arias Muñoz,58,Secretario ejecutivo,Quinchao
Agustín Fernandez Garcia,62,Instructor en tecnologías de la información,Salta
Ing. Mayte Cepeda,73,Técnico de radiodifusión y grabación audio visual,San Angélica los bajos
Martín Caridad Vigil,65,Labrante,San Cecilia de la Montaña
Susana Aedo Quezada,18,Montador de estructuras metálicas,Pitrufquén
Ing. Caridad Reséndez,74,Especialista en métodos pedagógicos,San Fabiola los bajos
Juan Salcedo,45,Escritor,Suan
Maricruz del Tena,46,Controlador de instalaciones de procesamiento de productos químicos,Murcia
Martin de Farré,22,Reparador de bicicletas,Salamanca
Stephanie Sharp,27,Designer blown glass/stained glass,Donovanfort
Carlos Anderson,54,Local government officer,East Julia
Edgardo Rodrigo Martínez,30,Inspector de fronteras,Chipaque
Melchor Nieto Noguera,18,Inspector medioambiental y afines,Murcia
John Tate,58,Production manager,Robertview
Henry Cook,26,Contractor,East Kirstyborough
Sr(a). Luciano Benjamin Vazquez,21,Maquinista de locomotoras,Chilecito
Paula Olaya,73,Gorjadore,Contadero
Sofia Luana Morales,25,Técnico en optometría y ópticos,Santiago del Estero
Jasmine Williams,74,Race relations officer,South Denis
Juan Francisco Ferrer Uribe,20,Ingeniero en telecomunicaciones,Granada
Hernán Emilio Hurtado,30,Audiólogo,La Pedrera
Melchor Vara Peralta,63,Agricultor,Ávila
Adalberto España Suárez,21,Mandader,Barcelona
Juan Manuel Juan Bautista Gonzalez,61,Gestor de aduana,Bahía Blanca
Annette Baker,57,Administrator local government,New Stacey
Gilberto Arana Martorell,75,Trabajador agropecuario de subsistencia,Baleares
Mabel Rosario Molano Gil,58,Empleado de agencia de viajes,Manatí
Catherine White,70,Telecommunications researcher,West Renee
María Elena Itzel Chávez Orosco,39,Director financiero,San María del Carmen los bajos
Ezequiel Gonzalez Acosta,54,Electrotécnico,Rosario
Ignacia Salas Alcalde,39,Suboficial de las fuerzas armadas,Huesca
Dylan Moore-Smith,80,Producer radio,East Williamshire
Michel Patricia Guerrero Guerrero,72,Ingeniero electricista,Rivera
Dr(a). Thiago Benjamin Romero,41,Marinero de cubierta,San Ferando del Valle de Catamarca
Berto Hervia Salvà,38,Ingeniero de minas,Málaga
Joel Mendez Barbero,48,Analista de gestión y organización,Pontevedra
Dorita Carnero-Angulo,61,Vendedor puerta a puerta,Ciudad
Francisco Garcia,18,Escribiente público,Comodoro Rivadavia
Rafaél Mireles Bahena,75,Actor,Vieja Belice
Adela Julia Roybal,58,Controlador de procesos,San Hernán de la Montaña
Febe Orozco Cueto,53,Mecánico y reparador de motores de avión,Vizcaya
Donald Roberts,29,Programmer systems,Harrisonchester
Miranda Schroeder,31,Medical secretary,Lake Tammy
Angélica Rivera Morante,76,Especialista en políticas y servicios de personal,Guadalajara
Luz Arboleda Vera,59,Peón de explotaciones agrícolas,Chinavita
Rubén Tenorio Amaya,69,Ingeniero electrónico,Almería
Catalina Sofia Romero Cardozo,64,Mecánico-montador de instalaciones de refrigeración y climatización,Santiago del Estero
Natalio Vizcaíno Capdevila,73,Ingeniero electrónico,Ciudad
Isaías Ruben Sanabria Aparicio,48,Veterinario,Badajoz
Brandi Watson,54,Herpetologist,Port Connorborough
Michael Castro,37,Landscape architect,Port Patriciafort
Dorothy Clayton,58,Social researcher,Boothchester
Tere Cifuentes Rodríguez,63,Ingeniero medioambiental,Sevilla
Kelly Russell,67,Claims inspector/assessor,Cochrantown
Miss Shirley Hughes,66,Administrator sports,North Anthonyport
Mr Jason Wood,71,Physiological scientist,Wilsonhaven
Ramón Dolores Tafoya,77,Chapista,Nueva Montenegro
Alonso Lino Alvarez Alcántara,25,Asistente fisioterapeuta,Jaén
Sr(a). Thiago Lionel Gonzalez,62,Artesano,Córdoba
Antony Curtis,40,Chief Financial Officer,Port Simon
Luis Molina Alvarado,50,Bombero,O'Higgins
Ernesto Olmedo Llamas,21,Preparador y elaborador de tabaco y sus productos,Albacete
Alejandra Rojas Herrera,35,Ayudante de ambulancia,Chañaral
Susanita Coral Larrea Robledo,22,Maleter,Tarragona
Bienvenida Velasco-Mate,52,Dentista,La Rioja
César Armas,48,Profesor de formación profesional,San Miriam los altos
Dr. Frida Ruelas,56,Cortador de vidrio,San Delia de la Montaña
Chase Gay,79,Lexicographer,Meyersfurt
Michael Cox,56,Engineer chemical,New James
Facundo Victoria Ponce Martinez,27,Historiador,Río Gallegos
Gloria Girón,58,Diseñador de bases de datos,San Ernesto los bajos
Nicole Moore,26,Exhibitions officer museum/gallery,East Melissaburgh
María Ramírez Marín,25,Piloto de aviación,Carolina
Mtro. Uriel Abreu,25,Director de ventas y comercialización,San Juan los bajos
Estefanía Chaparro Tovar,41,Director de ventas y comercialización,Palencia
Faustino Enríquez Gallart,51,Fumigador,Badajoz
Luciana Gomez,21,Tapicero,Resistencia
Tiffany Hunter,24,Educational psychologist,Ronaldville
Emiliano Anabel Alarcón,20,Conductor de automóviles,San Yeni los altos
Mohammad O'Neill-Miah,52,Data processing manager,East Lewisview
Rodney Wright,20,Engineer petroleum,Jasonberg
Alonso Molina,57,Técnico en asistencia al usuario de tecnología de la información y las comunicaciones,Vieja Bahamas
Reynaldo Nayeli Quezada,48,Técnico en ingeniería civil,San Genaro los bajos
Melissa Washington,60,Engineer civil (consulting),New Kaitlyn
Mr Toby Berry,38,Airline pilot,Brettberg
Hugo Pablo Vásquez,65,Catador de alimentos y bebidas,Vieja Mauricio
Florencio Gilberto Raya Malo,66,Operador de máquinas para fabricar productos de papel,Ourense
Marcela Margarita Vergara Carrillo,50,Tramper,Putre
Gonzalo Federico Bravo Gutierrez,54,Focumentalista,San Juan
Duncan Shaw,62,Records manager,Bryanttown
Juan Mayol Crespo,46,Conductor de automóviles,Ourense
Ing. Javier Partida,28,Conductor de taxis,Vieja Liechtenstein
Fabián Salamanca,68,Recolector de basura y material reciclable,Cravo Norte
Josefina Montañez,46,Camarero de barra,Vieja Tayikistán
Dr(a). Lola Rojas,32,Auxiliar laico de las religión,Formosa
Genaro Martina Rojas,18,Preparador y elaborador de tabaco y sus productos,Chilecito
Frank Harmon,28,Chief Marketing Officer,North Roberthaven
Alexandra Reyes,25,Profesional en redes de computadores,Salamanca
Ebony Cross,30,Dramatherapist,Parrishbury
Ing. Ana María Vanegas,72,Artesano,Vieja Saint Kitts y Nevis
Miss Alexandra Davies,68,Fitness centre manager,East Ross
Rodolfo Gregorio Cornejo León,56,Guardagujas,Nueva Burundi
Sergio Gerson Velasco,64,Actuario,Briceño
Teresa Lester,68,IT trainer,Lake Dennis
Petrona Oliva Daza,71,Técnico en ingeniería civil,Ciudad
Olivia Hopkins,42,Environmental health practitioner,Lake Alanfurt
Isabel Juan Cruz Rodriguez,23,Operador de maquinaria agrícola y forestal móvil,San Salvador de Jujuy
Ingrid Claudia Oyarzo Maldonado,69,Árbitro deportivo,Malloa
Nico Galo Leon Prats,80,Operador de máquinas de vapor y calderas,Guipúzcoa
Margarita Jara-Fernández,24,Piloto de aviación,Treguaco
Delia Felicidad Querol Alberola,64,Agente de seguros,Cádiz
Lucas Fernandez Martin,49,Curador de museos,La Rioja
Jenifer Esparza,30,Encuadernador,Punitaqui
Thiago Benjamin Benicio Ruiz Nuñez,43,Albañil,Viedma
Teodosio Gallardo Carvajal,25,Secretario (general),Cuenca
Jazmin Fernandez,48,Técnico en ciencias biológicas,Bahía Blanca
Diana Ana Cárdenas,71,Empleado de archivos,Caldas
Alexandra González,79,Técnico en aparatos de diagnóstico y tratamiento médico,San José
Jose Howard,24,Insurance risk surveyor,East Susanview
Rachel Francis,64,Futures trader,Vincentton
Kendra Anderson,54,Doctor general practice,Reeseville
Heather Smith,79,Scientist research (life sciences),New Elliot
Pablo Pedro Quezada Neira,66,Operario en cemento armado y enfoscador,Colina
Ms Nicola Nicholson,65,Computer games developer,Eileenchester
Pascual del Quintana,29,Curador de museos,Vizcaya
Kelli Li,79,Air broker,Susanchester
Augusto Flórez,61,Sombrerero,Ciénega
Anna Edwards,67,Building surveyor,Lake Jillian
Alberto Julio César Espino,80,Representante comercial,Nueva Nicaragua
Celia Mario Cavazos Salas,26,Operador de máquinas para fabricar productos de caucho,Nueva India
Ángela Gisbert-Bartolomé,80,Guía de turismo,Cuenca
Gillian Bibi,20,Nature conservation officer,Julieburgh
Clemencia Tania Reyes Mosquera,39,Ingeniero de minas,Socotá
Salma Calvillo,26,Asesor de inversiones,Nueva Tuvalu
Claudia Eliana Alzate Alarcón,49,Ggeofísico,Guarne
Paula Rodriguez,39,Information officer,Myersside
Clotilde Fuentes,44,Escribiente público,La Florida
Benjamin Navarro,19,Archivista,Corrientes
Tatiana Montes,75,Diseñador de productos,San Antonio del Tequendama
Michael Baker MD,61,Media buyer,Marshfort
Sergio Felipe Allende García,36,Ebanista,Vilcún
María Del Carmen de Padilla,74,Soldador y oxicortador,Santa Cruz de Tenerife
Bryan Harris,51,Catering manager,South Sophie
Dr(a). Luciano Gomez,20,Farmacéutico,Bahía Blanca
Fernando Liliana Fuentes Chapa,48,Biólogo,San Salma de la Montaña
Sancho de Torre,60,Controlador de tráfico aéreo,Zamora
José Ferney Martínez,31,Operador de autoelevadoras,Pueblorrico
Howard Ahmed-Martin,37,Museum education officer,Port Aimeetown
Carl Howell,78,Speech and language therapist,West Davidland
Bradley Mcgee,68,Office manager,Brianbury
Alicia Valentina Guerrero,34,Productor y trabajador calificado de explotaciones agropecuarias mixtas,El Tablón de Gómez
Rosalina Larrañaga Torrent,69,Actuario,Asturias
Guy Hargreaves,21,Art therapist,New Margaret
Horacio Ceballos Cruz,21,Maestro de enseñanza primaria,San Leonardo los altos
Cornelio Perea,37,Analista de gestión y organización,Nueva Namibia
Joseph Mcdonald,62,Development worker community,Strongville
Ámbar Cadenas Aragonés,46,Peón de minas y canteras,León
Renato Fierro Avilés,33,Recolector de leña,Vieja Benin
Dr(a). Mateo Benjamin Mansilla,72,Trabajador pecuario de subsistencia,Santa Rosa
Mabel Rojas Ruiz,37,Agente inmobiliario,Ciénaga
Juan Sebastian Moreno,22,Vendedor ambulantes de productos comestibles,San Salvador de Jujuy
Sean Hunt,67,Insurance broker,Daniellehaven
José Rodríguez Hernández,58,Entrevistador de investigaciones de mercados,Silos
Lorena Vera,51,Fisioterapeuta,Las Palmas
Azahara Montenegro Amaya,43,Empleado encargado de las nóminas,Granada
Jennifer Brennan,66,Mining engineer,East Ryan
Leonor Gil,40,Instructor de autoescuela,Vieja Comoras
Louise Evans,49,Geochemist,Lake Sheilachester
Bradley Horne DDS,79,Designer ceramics/pottery,Evansland
Mr Kyle Kerr,35,Teacher primary school,Cherylside
Sr(a). Ian Benjamin Sanchez,45,Bibliotecarios,La Rioja
Eladio Acevedo-Franco,45,Técnico de la Web,Barcelona
Bianca Salvador Padilla Ojeda,21,Operador de máquinas de preparación de fibras hilado y devanado,Vieja Luxemburgo
Mia Pilar Pereyra,71,Conductor de taxis,San Juan
Benjamín Jaime Díaz Arancibia,38,Vendedor puerta a puerta,Río Verde
Ing. Darío Montemayor,49,Vendedor por teléfono,Vieja Uganda
Eric King,74,Teaching laboratory technician,Meganmouth
Úrsula Ávila,30,Ingeniero en telecomunicaciones,Nueva Benin
Micaela Otero,51,Guardagujas,Las Palmas
Dr(a). Ema Diaz,78,Técnico de laboratorio médico,Paraná
Aída Flores-Arias Belmar,67,Ingeniero industrial,Pozo Almonte
Zoé Bustos Rivero,62,Productor y trabajador calificado de explotaciones agropecuarias mixtas,San Mitzy de la Montaña
Allison Scott,77,Teacher primary school,Raymondmouth
Nancy Loaiza,59,Asistente farmacéutico,Ciénaga de Oro
Daniela Bautista,27,Joyero,Palestina
Myriam Vargas Naranjo,63,Policías,Santander de Quilichao
Gracia Valencia,71,Operario en cemento armado y enfoscador,Cádiz
Trinidad Mónica Ramos Vásquez,51,Bailarín,Constitución
Lindsay Hamilton,79,Research scientist (physical sciences),Lake Meganville
Franco Bruno Campos Torres,19,Operador de telar y otras máquinas tejedoras,Bahía Blanca
Alyssa Blackwell,18,Administrator,Lake Elizabeth
Pamela Bruce-Coles,39,Psychiatrist,South Dawn
Aníbal Bosch Martin,75,Asistente farmacéutico,La Rioja
Ximena Valera Cadenas,59,Profesional de nivel medio del derecho y servicios legales,Soria
Benjamin Santiago Sanchez,70,Operador de incineradores instalaciones de tratamiento de agua,Río Gallegos
Dr Max Parker,50,Tourism officer,South Hilarytown
Timothy Burke,26,Printmaker,South Jose
Alonso Angulo,34,Prestamista,Vieja Kuwait
Patricia Morales Morales,47,Ingeniero químico,Timaná
María Villegas,32,Empleado de servicios estadísticos financieros y de seguros,Santa Rosa
Elisa Merino López,58,Geólogo,Coltauco
Nazario Guardia Bonilla,63,Diseñador de interior,Cuenca
Ángela Barrios Anguiano,60,Peón de la construcción de edificios,San Josefina de la Montaña
Federico Berríos,40,Cocinero de comidas rápidas,San Olivia los altos
Oscar Gentry,19,Management consultant,Williamston
Angie Jennifer Martínez,28,Oficial de cubierta,Carmen de Apicalá
Martyn Young-Bond,36,Secretary company,Paulineport
Margarita Lara,71,Asistente veterinario,Freirina
Brandon Perez,71,Medical physicist,Danville
Sr(a). Evelio Pineda,60,Afinador de instrumentos musicales,Nueva Congo
Dr(a). Joaquín Ferreyra,52,Compositor,Corrientes
Homero Paulina Montemayor,44,Matemático,Vieja Bosnia y Herzegovina
Eligio Pont-Cánovas,51,Peón de la construcción de edificios,Valencia
Josep Porta Romero,38,Gerente de centros deportivos de esparcimiento y culturales,Ourense
Lic. Sessa Godoy,41,Operador de instalaciones de procesamiento de la madera,San Rolando de la Montaña
Juan Abigail Valentín,44,Receptor de apuestas,San Amador de la Montaña
Randy Jones,65,Press photographer,West Phillipton
Mtro. Noelia Terán,69,Pescador cazador tramperos y recolector de subsistencia,Vieja Dinamarca
Calixta Tomás Garcés,28,Operador de instalaciones de procesamiento de la madera,Ávila
Emma Juarez,67,Tramper,San Miguel de Tucumán
Sara Alice Álvarez Muñoz,78,Empleado de biblioteca,Puchuncaví
Juana Vega Sanchez,53,Operador de máquinas de procesamiento de texto y mecanógrafos,San Miguel de Tucumán
Delia Gregorio Hernandes,40,Matemático,San Graciela los bajos
Nazaret Heredia Jiménez,18,Aparejador,Huelva
Régulo Acuña Mínguez,68,Costurero,Toledo
Nicole Barnett,45,Hydrologist,South Charlenemouth
Jason White,41,Museum/gallery conservator,East Bethanyside
Delfina Lourdes Diaz,27,Productor y trabajador calificado de explotaciones agropecuarias mixtas,San Juan
Reyes Ramón Torrecilla,43,Educador para necesidades especiales,Ciudad
Valerio Rubén Manuel Goñi,50,Guardafrenos,Soria
Juan Mora Barbosa,65,Ensamblador de equipos eléctricos,San Gil
Samuel Galindo Caicedo,29,Oficial de las fuerzas armadas,Cartagena de Indias
Loreto del Alcázar,76,Productor y trabajador calificado de explotaciones agropecuarias mixtas,Castellón
Michael Grant,22,Chartered accountant,Lake Jeremyland
Dr Angela Young,28,Civil engineer contracting,Hugheston
Grace Watts,33,Scientist product/process development,Port Amelia
Camila Lopez Gonzalez,44,Educador para necesidades especiales,San Juan
Mateo Mateo Valentin Sanchez Sosa,54,Juez,Córdoba
Cristian José Rojas Salas,78,Trabajador comunitario de la salud,Huechuraba
Lourdes Jaime Apodaca Esparza,35,Aparejador,San Liliana los bajos
Manuela Garriga,31,Vendedor de quioscos y de puestos de mercado,Valladolid
Maite Mireya Gutiérrez Araya,51,Técnico en redes y sistemas de computadores,El Bosque
Irma Teresa Parra,71,Peón forestales,San Mateo los altos
Salvador Martina Romero Pereyra,41,Mecánico-montador de instalaciones de refrigeración y climatización,Viedma
Horacio Poza Rivas,59,Operador de máquinas pulidoras galvanizadoras y recubridoras de metales ,Lugo
Miss Chloe Stokes,43,Designer television/film set,Lake Adrianmouth
Ivonne Marcos Vaca,18,Supervisor de la construcción,Nueva Hungría
Amanda María Catalán Aguayo,60,Electricista de obras,Talca
Onofre Aguilar Vazquez,60,Revisor y cobrador de los transportes públicos,Guadalajara
Anthony Thomas,70,Copy,Kaufmanstad
Albino Montaña Bermejo,33,Clasificador de productos,Cuenca
Florencia Ramón-Nuñez,62,Operador de instalaciones de vidriería y cerámica,Ciudad
Juana Gutierrez,43,Telefonista,Paraná
Diana Cole,63,Editor film/video,New Bryanton
Valentino Perez,69,Operador de instalaciones de tratamiento de agua,San Luis
Ximena Pacheco-Pons,54,Policías,Zamora
George Wilson-Stewart,37,Facilities manager,New Tonymouth
Traci Thompson,29,Administrator charities/voluntary organisations,West Dustin
Dominga Agudo Pera,64,Vendedor de quioscos y de puestos de mercado,Santa Cruz de Tenerife
Tabita Mónica Escobar Castillo,19,Dinamitero,Pelarco
Veronica Nguyen,57,Broadcast engineer,Carolberg
Joseph Brown,66,Clothing/textile technologist,Wardshire
Judith del Nicolás,29,Astrónomos,Las Palmas
Héctor Ángel Naranjo,20,Clasificador de desechos,Turbaco
Rita Webb,29,Banker,Gracefurt
Andrés Felipe Aroca Cruz,47,Oficial de préstamos y créditos,Navarra
Matías Heliodoro Egea Barberá,45,Analista de gestión y organización,Tarragona
Dominga Cervantes Martí,70,Secretario jurídicos,Navarra
Maxi Hoyos-Corbacho,40,Colchonero,Málaga
Christopher Thomas,63,Psychologist occupational,Burkebury
Derek Scott,53,Podiatrist,Bernardfurt
José Manuel Elías Gascón,31,Oficial maquinistas en navegación,Álava
Daniel Campos,29,Chartered legal executive (England and Wales),Kaitlynbury
Jennifer Wood,55,Lighting technician broadcasting/film/video,Lake Eric
Carlos Lino Mella Lillo,74,Ingeniero en telecomunicaciones,Punta Arenas
Sam Ellis-Ali,66,Public librarian,East Williamborough
William Martin,32,Systems developer,Leighmouth
